name,company,year,Price,kms_driven,fuel_type
Santro Xing XO eRLX Euro III,Hyundai,2007.0,80000,45000.0,Petrol
Jeep CL550 MDI,Mahindra,2006.0,425000,40.0,Diesel
Grand i10 Magna 1.2 Kappa VTVT,Hyundai,2014.0,325000,28000.0,Petrol
EcoSport Titanium 1.5L TDCi,Ford,2014.0,575000,36000.0,Diesel
Figo,Ford,2012.0,175000,41000.0,Diesel
Eon,Hyundai,2013.0,190000,25000.0,Petrol
EcoSport Ambiente 1.5L TDCi,Ford,2016.0,830000,24530.0,Diesel
Suzuki Alto K10 VXi AMT,Maruti,2015.0,250000,60000.0,Petrol
Fabia Classic 1.2 MPI,Skoda,2010.0,182000,60000.0,Petrol
Suzuki Stingray VXi,Maruti,2015.0,315000,30000.0,Petrol
Elite i20 Magna 1.2,Hyundai,2014.0,415000,32000.0,Petrol
Scorpio SLE BS IV,Mahindra,2015.0,320000,48660.0,Diesel
A8,Audi,2017.0,1000000,4000.0,Petrol
Q7,Audi,2014.0,500000,16934.0,Diesel
Scorpio S10,Mahindra,2016.0,350000,43000.0,Diesel
Suzuki Alto 800,Maruti,2014.0,160000,35550.0,Petrol
Scorpio S10,Mahindra,2016.0,310000,39522.0,Diesel
Suzuki Alto 800 Vxi,Maruti,2015.0,75000,39000.0,Petrol
i20 Sportz 1.2,Hyundai,2012.0,100000,55000.0,Petrol
Suzuki Alto 800 Lx,Maruti,2017.0,190000,72000.0,Petrol
Suzuki Vitara Brezza ZDi,Maruti,2016.0,290000,15975.0,Diesel
Suzuki Alto LX,Maruti,2008.0,95000,70000.0,Petrol
Bolero DI,Mahindra,2017.0,180000,23452.0,Diesel
Suzuki Swift Dzire ZDi,Maruti,2014.0,385000,35522.0,Diesel
Scorpio S10 4WD,Mahindra,2015.0,250000,48508.0,Diesel
Suzuki Swift Vdi BSIII,Maruti,2017.0,180000,15487.0,Petrol
Suzuki Wagon R VXi BS III,Maruti,2013.0,105000,39000.0,Petrol
Suzuki Wagon R VXi Minor,Maruti,2013.0,105000,39000.0,Petrol
Innova 2.0 G 8 STR BS IV,Toyota,2012.0,650000,82000.0,Diesel
Lodgy 85 PS RXL,Renault,2018.0,689999,20000.0,Diesel
Yeti Ambition 2.0 TDI CR 4x2,Skoda,2012.0,448000,68000.0,Diesel
Suzuki Baleno Delta 1.2,Maruti,2017.0,549000,32000.0,Diesel
Duster 110 PS RxZ Diesel Plus,Renault,2012.0,501000,38000.0,Diesel
Duster 85 PS RxE Diesel,Renault,2013.0,489999,27000.0,Diesel
City 1.5 S MT,Honda,2011.0,280000,33000.0,Petrol
Suzuki Dzire,Maruti,2013.0,349999,46000.0,Diesel
Amaze,Honda,2013.0,284999,46000.0,Diesel
Amaze 1.5 SX i DTEC,Honda,2015.0,345000,36000.0,Diesel
City,Honda,2015.0,499999,55000.0,Petrol
Redi GO S,Datsun,2017.0,235000,16000.0,Petrol
Suzuki SX4 ZXI MT,Maruti,2010.0,249999,36000.0,Petrol
Pajero Sport Limited Edition,Mitsubishi,2015.0,1475000,47000.0,Diesel
Scorpio S10,Mahindra,2015.0,395000,35000.0,Diesel
Suzuki Swift VXi 1.2 ABS BS IV,Maruti,2017.0,220000,30874.0,Petrol
City ZX CVT,Honda,2017.0,170000,15000.0,Diesel
Suzuki Wagon R LX BS IV,Maruti,2013.0,85000,29685.0,Petrol
Indigo eCS LS CR4 BS IV,Tata,2017.0,200000,130000.0,Diesel
Scorpio SLE BS IV,Mahindra,2012.0,570000,19000.0,Diesel
Polo Highline Exquisite P,Volkswagen,2014.0,315000,60000.0,Petrol
Spark LS 1.0,Chevrolet,2010.0,110000,41000.0,Petrol
Duster 110PS Diesel RxZ,Renault,2012.0,501000,35000.0,Diesel
City,Honda,2015.0,448999,54000.0,Petrol
Cooper S 1.6,Mini,2013.0,1891111,13000.0,Petrol
Fabia 1.2L Diesel Ambiente,Skoda,2011.0,159500,38200.0,Diesel
Amaze,Honda,2015.0,344999,22000.0,Petrol
Duster,Renault,2014.0,449999,50000.0,Diesel
Cooper S 1.6,Mini,2013.0,1891111,13500.0,Petrol
Scorpio S4,Mahindra,2015.0,865000,30000.0,Diesel
Scorpio VLX 2WD BS IV,Mahindra,2014.0,699000,50000.0,Diesel
Quanto C8,Mahindra,2013.0,375000,20000.0,Diesel
EcoSport,Ford,2017.0,489999,39000.0,Petrol
Brio,Honda,2012.0,224999,30000.0,Petrol
Vento Highline Plus 1.5 Diesel AT,Volkswagen,2019.0,1200000,3600.0,Diesel
i20 Magna,Hyundai,2009.0,195000,32000.0,Petrol
Corolla Altis Diesel D4DG,Toyota,2010.0,351000,38000.0,Diesel
Verna Transform SX VTVT,Hyundai,2008.0,160000,45000.0,Petrol
Corolla Altis Petrol Ltd,Toyota,2009.0,240000,35000.0,Petrol
City 1.5 EXi New,Honda,2005.0,90000,50000.0,Petrol
Fabia 1.2L Diesel Elegance,Skoda,2011.0,155000,45863.0,Diesel
3 Series 320i,BMW,2011.0,600000,60500.0,Petrol
Suzuki A Star Lxi,Maruti,2011.0,189500,12500.0,Petrol
Etios GD,Toyota,2013.0,350000,60000.0,Diesel
Figo Diesel EXI Option,Ford,2012.0,210000,35000.0,Diesel
Suzuki Swift Dzire VXi 1.2 BS IV,Maruti,2014.0,390000,35000.0,Petrol
Beat LT Diesel,Chevrolet,2012.0,135000,45000.0,Diesel
7 Series 740Li Sedan,BMW,2009.0,1600000,35000.0,Petrol
XUV500 W8 AWD 2013,Mahindra,2013.0,701000,38000.0,Diesel
i10 Magna 1.2,Hyundai,2014.0,265000,18000.0,Petrol
Verna Fluidic New,Hyundai,2015.0,525000,35000.0,Diesel
Suzuki Swift VXi 1.2 BS IV,Maruti,2013.0,372000,13349.0,Petrol
Suzuki Ertiga ZXI Plus,Maruti,2016.0,635000,29000.0,Petrol
EcoSport Titanium 1.5L TDCi,Ford,2014.0,550000,44000.0,Diesel
Suzuki Ertiga Vxi,Maruti,2016.0,575000,29000.0,Petrol
Suzuki Ertiga VDi,Maruti,2013.0,485000,42000.0,Diesel
Suzuki Alto LXi BS III,Maruti,2012.0,155000,14000.0,Petrol
Grand i10 Asta 1.1 CRDi,Hyundai,2014.0,345000,49000.0,Diesel
Amaze 1.2 S i VTEC,Honda,2014.0,325000,42000.0,Petrol
i20 Asta 1.4 CRDI 6 Speed,Hyundai,2012.0,329500,36200.0,Diesel
Figo Diesel EXI,Ford,2014.0,195000,50000.0,Diesel
Suzuki Eeco 5 STR WITH AC HTR,Maruti,2015.0,251111,55000.0,Petrol
Suzuki Ertiga ZXi,Maruti,2014.0,569999,45000.0,Petrol
Suzuki Esteem LXi BS III,Maruti,2007.0,69999,51000.0,Petrol
Suzuki Ritz VXI,Maruti,2014.0,299999,19000.0,Petrol
Suzuki Dzire,Maruti,2009.0,220000,46000.0,Petrol
Suzuki Ritz LDi,Maruti,2013.0,399999,33000.0,Diesel
Suzuki Dzire VDI,Maruti,2015.0,450000,104000.0,Diesel
Etios Liva G,Toyota,2014.0,270000,55000.0,Petrol
i20 Sportz 1.4 CRDI,Hyundai,2011.0,350000,33333.0,Diesel
Spark,Chevrolet,2012.0,158400,33600.0,Petrol
Suzuki Alto K10 VXi AMT,Maruti,2017.0,350000,5600.0,Petrol
Micra XV,Nissan,2011.0,179000,41000.0,Petrol
Suzuki Swift,Maruti,2007.0,125000,70000.0,Petrol
Suzuki Alto 800,Maruti,2018.0,200000,7500.0,Petrol
Amaze 1.5 S i DTEC,Honda,2013.0,299000,45000.0,Diesel
Suzuki Alto 800 Vxi,Maruti,2015.0,220000,38000.0,Petrol
Beat,Chevrolet,2015.0,150000,30000.0,Petrol
City 1.5 V MT,Honda,2010.0,285000,35000.0,Petrol
EcoSport Trend 1.5L TDCi,Ford,2016.0,830000,24330.0,Diesel
i20 Asta 1.2,Hyundai,2009.0,210000,65480.0,Petrol
Suzuki Swift Dzire VXi 1.2 BS IV,Maruti,2013.0,340000,41000.0,Petrol
Indica V2 eLS,Tata,2006.0,90000,20000.0,Petrol
Motors Ambassador,Hindustan,2000.0,70000,200000.0,Diesel
Corolla Altis 1.8 GL,Toyota,2010.0,289999,70000.0,Petrol
Corolla Altis 1.8 J,Toyota,2012.0,349999,59000.0,Petrol
Innova 2.5 GX BS IV 7 STR,Toyota,2012.0,849999,99000.0,Diesel
Jetta Highline TDI AT,Volkswagen,2014.0,749999,46000.0,Diesel
Polo Comfortline 1.2L P,Volkswagen,2015.0,399999,2800.0,Petrol
Polo,Volkswagen,2014.0,274999,32000.0,Petrol
Scorpio,Mahindra,2015.0,984999,22000.0,Diesel
Sunny,Nissan,2012.0,224999,45000.0,Petrol
Elite i20,Hyundai,2018.0,599999,21000.0,Petrol
Kwid,Renault,2016.0,244999,11000.0,Petrol
Duster,Renault,2013.0,399999,41000.0,Diesel
Duster,Renault,2014.0,474999,50000.0,Diesel
Scorpio VLX Airbag,Mahindra,2011.0,499999,66000.0,Diesel
Suzuki Alto 800 Lxi,Maruti,2018.0,310000,3000.0,Petrol
Spark LT 1.0,Chevrolet,2010.0,85000,45000.0,Petrol
Redi GO T O,Datsun,2016.0,245000,7000.0,Petrol
Suzuki Swift RS VDI,Maruti,2010.0,189500,38500.0,Diesel
Punto Emotion 1.2,Fiat,2012.0,169500,37200.0,Diesel
Suzuki Swift RS VDI,Maruti,2010.0,159500,43200.0,Diesel
Etios GD,Toyota,2013.0,275000,24800.0,Petrol
i20 Sportz 1.4 CRDI,Hyundai,2014.0,370000,60000.0,Diesel
i10 Sportz 1.2,Hyundai,2010.0,168000,45872.0,Petrol
Beat LT Opt Diesel,Chevrolet,2011.0,150000,40000.0,Diesel
Beat LS Diesel,Chevrolet,2011.0,145000,45000.0,Diesel
Beat LT Diesel,Chevrolet,2012.0,98500,38000.0,Diesel
Indigo CS,Tata,2011.0,85000,11400.0,Diesel
Corolla Altis 1.8 J,Toyota,2015.0,575000,42000.0,Petrol
City 1.5 V MT,Honda,2014.0,549000,39000.0,Petrol
Suzuki Swift VDi,Maruti,2011.0,209000,47000.0,Diesel
Eon Era Plus,Hyundai,2013.0,185000,27000.0,Petrol
Scorpio S10,Mahindra,2015.0,900000,97200.0,Diesel
XUV500,Mahindra,2014.0,699999,52000.0,Diesel
Fiesta,Ford,2011.0,274999,55000.0,Diesel
City,Honda,2015.0,599999,30000.0,Diesel
Suzuki Wagon R,Maruti,2012.0,199999,44000.0,Petrol
City,Honda,2014.0,544999,45000.0,Diesel
i20,Hyundai,2009.0,199000,31000.0,Petrol
Indigo eCS LX TDI BS III,Tata,2016.0,320000,175430.0,Diesel
Fluidic Verna 1.6 CRDi SX,Hyundai,2015.0,540000,38000.0,Diesel
Quanto C8,Mahindra,2013.0,340000,37000.0,Diesel
Petra ELX 1.2 PS,Fiat,2008.0,75000,65000.0,Petrol
Suzuki Ciaz VXi Plus,Maruti,2016.0,700000,3350.0,Petrol
Suzuki Zen VX,Maruti,2000.0,55000,60000.0,Petrol
Creta 1.6 SX Plus Petrol,Hyundai,2017.0,895000,32000.0,Petrol
Scorpio SLX,Mahindra,2007.0,355000,75000.0,Diesel
Scorpio SLE BS IV,Mahindra,2012.0,565000,62000.0,Diesel
Innova 2.5 G BS III 8 STR,Toyota,2006.0,365000,73000.0,Diesel
Suzuki Alto K10 VXi AMT,Maruti,2011.0,145000,41000.0,Petrol
Suzuki Wagon R LXI BS IV,Maruti,2011.0,210000,35000.0,Petrol
Suzuki Alto Std BS IV,Maruti,2013.0,125000,39000.0,Petrol
Suzuki Wagon R LXi BS III,Maruti,2009.0,135000,45000.0,Petrol
Suzuki Swift VXI BSIII,Maruti,2006.0,135000,45000.0,Petrol
Sumo Victa EX 10 by 7 Str BSIII,Tata,2012.0,285000,65000.0,Diesel
Suzuki Wagon R LXi BS III,Maruti,2010.0,145000,54870.0,Petrol
Suzuki Alto LXi BS III,Maruti,2010.0,135000,34580.0,Petrol
Passat Diesel Comfortline AT,Volkswagen,2009.0,450000,97000.0,Diesel
Scala RxL Diesel Travelogue,Renault,2015.0,375000,25000.0,Diesel
Grand i10 Sportz O 1.2 Kappa VTVT,Hyundai,2014.0,365000,20000.0,Petrol
i20 Active 1.2 SX,Hyundai,2015.0,500000,18000.0,Petrol
Xylo E4,Mahindra,2012.0,400000,35000.0,Diesel
Jeep MM 550 XDB,Mahindra,2019.0,390000,60.0,Diesel
Bolero SLE BS IV,Mahindra,2013.0,330000,80200.0,Diesel
Motors  One LX ABS 7 STR,Force,2015.0,580000,3200.0,Diesel
Suzuki SX4,Maruti,2012.0,265000,46000.0,Diesel
Jeep CL550 MDI,Mahindra,2019.0,379000,0.0,Diesel
Suzuki Alto 800,Maruti,2015.0,219000,5000.0,Petrol
Jeep CL550 MDI,Mahindra,2018.0,385000,588.0,Diesel
Etios,Toyota,2011.0,275000,36000.0,Diesel
Polo,Volkswagen,2015.0,330000,38000.0,Diesel
City ZX VTEC,Honda,2008.0,110000,45000.0,Petrol
Suzuki Wagon R LX BS III,Maruti,2006.0,80000,71200.0,Petrol
City VX O MT Diesel,Honda,2016.0,519000,52000.0,Diesel
Thar CRDe 4x4 AC,Mahindra,2016.0,730000,29000.0,Diesel
A4 1.8 TFSI Multitronic Premium Plus,Audi,2009.0,699000,47000.0,Petrol
Benz GLA Class 200 CDI Sport,Mercedes,2015.0,2000000,20000.0,Diesel
Rover Freelander 2 SE,Land,2015.0,2100000,30000.0,Diesel
Kwid RXT,Renault,2017.0,340000,5000.0,Petrol
Aria Pleasure 4X2,Tata,2014.0,390000,35000.0,Diesel
Benz B Class B180 Sports,Mercedes,2014.0,1400000,31000.0,Petrol
GO T O,Datsun,2016.0,245000,7000.0,Petrol
Indigo eCS LX TDI BS III,Tata,2016.0,320000,175400.0,Diesel
Jazz VX MT,Honda,2016.0,450000,41000.0,Petrol
Amaze 1.2 S i VTEC,Honda,2014.0,311000,33000.0,Petrol
City,Honda,2012.0,399999,45000.0,Petrol
City,Honda,2015.0,599999,39000.0,Diesel
Scorpio S4,Mahindra,2015.0,855000,30000.0,Diesel
i20 Active 1.4L SX O,Hyundai,2015.0,535000,37000.0,Diesel
Cooper S,Mini,2013.0,1891111,13000.0,Petrol
Suzuki Ciaz ZXI Plus,Maruti,2017.0,699000,14000.0,Petrol
Tavera Neo,Chevrolet,2013.0,375000,55000.0,Diesel
Eon Sportz,Hyundai,2012.0,178000,30000.0,Petrol
Sumo Gold Select Variant,Tata,2013.0,300000,50000.0,Diesel
Suzuki Wagon R 1.0,Maruti,2003.0,90000,45000.0,Petrol
Suzuki Esteem VXi BS III,Maruti,2006.0,95000,45000.0,Petrol
Suzuki Eeco 5 STR WITH AC HTR,Maruti,2015.0,255000,9300.0,Petrol
Enjoy 1.4 LS 8 STR,Chevrolet,2013.0,245000,55000.0,Diesel
Suzuki Wagon R 1.0 VXi,Maruti,2015.0,289999,22000.0,Petrol
Terrano XL D Plus,Nissan,2015.0,499999,60000.0,Diesel
Duster 85 PS RxE Diesel,Renault,2014.0,489999,59000.0,Diesel
Duster 85 PS RxL Diesel,Renault,2015.0,549999,19000.0,Diesel
Suzuki Dzire ZXI,Maruti,2013.0,380000,30000.0,Petrol
Kwid RXT Opt,Renault,2018.0,325000,15000.0,Petrol
Suzuki  800 Std,Maruti,2003.0,57000,56758.0,Petrol
Kwid 1.0 RXT AMT,Renault,2018.0,349999,10000.0,Petrol
Scala RxL Diesel,Renault,2014.0,349999,49000.0,Diesel
Grand i10 Asta 1.2 Kappa VTVT O,Hyundai,2014.0,410000,41000.0,Petrol
Suzuki Swift Dzire VXi 1.2 BS IV,Maruti,2011.0,225000,45000.0,Petrol
Beat LS Petrol,Chevrolet,2010.0,120000,43000.0,Petrol
Santro Xing XO eRLX Euro III,Hyundai,2000.0,59000,56450.0,Petrol
Beat LS Petrol,Chevrolet,2010.0,80000,56000.0,Petrol
Beat LS Petrol,Chevrolet,2015.0,220000,32700.0,Petrol
EcoSport Titanium 1.5L TDCi,Ford,2016.0,599000,30000.0,Diesel
Accent GLX,Hyundai,2006.0,80000,56000.0,Petrol
TUV300 T4 Plus,Mahindra,2016.0,675000,9000.0,Diesel
Indica V2 Xeta e GLE,Tata,2008.0,150000,11000.0,Petrol
Indigo CS LS DiCOR,Tata,2009.0,72500,46000.0,Diesel
Suzuki Swift VXi 1.2 ABS BS IV,Maruti,2019.0,610000,73.0,Petrol
Scorpio VLX Special Edition BS III,Mahindra,2004.0,230000,160000.0,Diesel
Accord,Honda,2009.0,175000,58559.0,Petrol
EcoSport Titanium 1.5 TDCi,Ford,2014.0,520000,57000.0,Diesel
Suzuki Ertiga,Maruti,2015.0,524999,50000.0,Diesel
Amaze,Honda,2014.0,299999,37000.0,Petrol
Suzuki Dzire,Maruti,2012.0,299999,40000.0,Petrol
City,Honda,2011.0,284999,55000.0,Petrol
Scorpio 2.6 CRDe,Mahindra,2007.0,220000,170000.0,Diesel
Suzuki Dzire,Maruti,2014.0,424999,55000.0,Diesel
City,Honda,2015.0,644999,39000.0,Petrol
Mobilio,Honda,2014.0,399999,44000.0,Petrol
Corolla Altis,Toyota,2009.0,199999,65000.0,Petrol
City,Honda,2014.0,584999,39000.0,Petrol
Laura,Skoda,2012.0,349999,44000.0,Diesel
Duster,Renault,2015.0,449999,49000.0,Diesel
Suzuki Ertiga,Maruti,2018.0,799999,9000.0,Diesel
Suzuki Dzire,Maruti,2015.0,444999,45000.0,Diesel
XUV500,Mahindra,2014.0,649999,47000.0,Diesel
Verna Fluidic,Hyundai,2012.0,444999,40000.0,Diesel
Suzuki Vitara Brezza,Maruti,2016.0,689999,29000.0,Diesel
Suzuki Wagon R,Maruti,2016.0,344999,15000.0,Petrol
Scorpio,Mahindra,2015.0,944999,45000.0,Diesel
Amaze,Honda,2014.0,274999,35000.0,Petrol
XUV500,Mahindra,2013.0,689999,80000.0,Diesel
Scorpio,Mahindra,2013.0,574999,68000.0,Diesel
Laura,Skoda,2013.0,374999,50000.0,Diesel
Polo,Volkswagen,2010.0,199999,60000.0,Diesel
Elite i20,Hyundai,2016.0,549999,9000.0,Petrol
Manza Aura Quadrajet,Tata,2012.0,130000,72000.0,Diesel
Sail UVA Petrol LT ABS,Chevrolet,2013.0,210000,60000.0,Petrol
Verna Fluidic 1.6 VTVT SX,Hyundai,2013.0,401000,45000.0,Diesel
A4 2.0 TDI 177bhp Premium,Audi,2012.0,1350000,40000.0,Diesel
Elantra SX,Hyundai,2013.0,600000,20000.0,Petrol
Scorpio VLX 4WD Airbag,Mahindra,2013.0,610000,35000.0,Diesel
KUV100 K8 D 6 STR,Mahindra,2016.0,400000,20000.0,Diesel
Grand i10,Hyundai,2017.0,524999,6821.0,Petrol
i20,Hyundai,2014.0,449999,23000.0,Petrol
Eon,Hyundai,2014.0,174999,14000.0,Petrol
i10,Hyundai,2012.0,244999,38000.0,Petrol
i20 Active,Hyundai,2015.0,574999,35000.0,Diesel
Redi GO,Datsun,2017.0,244999,22000.0,Petrol
Etios Liva,Toyota,2011.0,239999,41000.0,Petrol
Accent,Hyundai,2010.0,99999,45000.0,Petrol
Verna,Hyundai,2014.0,489999,44000.0,Diesel
Suzuki Swift,Maruti,2013.0,324999,45000.0,Diesel
Fortuner,Toyota,2011.0,1074999,52000.0,Diesel
i10 Sportz,Hyundai,2012.0,230000,34000.0,Petrol
Bolero Power Plus SLE,Mahindra,2018.0,699000,1800.0,Diesel
XUV500,Mahindra,2015.0,1000000,15000.0,Diesel
City 1.5 V MT Exclusive,Honda,2010.0,240000,400000.0,Petrol
Spark LT 1.0 Airbag,Chevrolet,2009.0,110000,44000.0,Petrol
XUV500,Mahindra,2016.0,1130000,72000.0,Diesel
Indigo eCS VX CR4 BS IV,Tata,2014.0,250000,40000.0,Diesel
Rapid Elegance 1.6 TDI CR MT,Skoda,2013.0,340000,48000.0,Diesel
Vista Quadrajet VX,Tata,2011.0,120000,90000.0,Diesel
Suzuki Alto K10 VXi AT,Maruti,2015.0,265000,12000.0,Petrol
Suzuki Zen LXi BS III,Maruti,2003.0,85000,69900.0,Petrol
i10 Magna 1.2,Hyundai,2011.0,175000,45000.0,Petrol
Suzuki Swift Dzire Tour LDi,Maruti,2016.0,350000,166000.0,Diesel
City ZX EXi,Honda,2008.0,149000,42000.0,Petrol
Jeep MM 550 XDB,Mahindra,2006.0,425000,122.0,Diesel
Beat Diesel,Chevrolet,2017.0,150000,62000.0,Diesel
City 1.5 S MT,Honda,2010.0,225000,70000.0,Petrol
Verna 1.4 VTVT,Hyundai,2014.0,375000,36000.0,Petrol
Innova 2.5 E MS 7 STR BS IV,Toyota,2012.0,770000,0.0,Diesel
Suzuki Swift,Maruti,2014.0,335000,55000.0,Diesel
Elite i20 Asta 1.4 CRDI,Hyundai,2015.0,450000,20000.0,Diesel
Suzuki Swift Dzire VXi 1.2 BS IV,Maruti,2012.0,225000,40000.0,Petrol
Suzuki Versa DX2 8 SEATER BSIII,Maruti,2004.0,80000,50000.0,Petrol
Indigo LX TDI BS III,Tata,2016.0,130000,104000.0,Diesel
Vento Konekt Diesel Highline,Volkswagen,2011.0,245000,65000.0,Diesel
Benz C Class 200 CDI Classic,Mercedes,2002.0,399000,41000.0,Petrol
Suzuki Ertiga VDi,Maruti,2013.0,450000,90000.0,Diesel
City,Honda,2000.0,65000,80000.0,Petrol
Santro Xing GLS,Hyundai,2006.0,75000,46000.0,Petrol
Suzuki Omni Limited Edition,Maruti,2001.0,70000,70000.0,Petrol
Sonata Transform 2.4 GDi MT,Hyundai,2017.0,190000,36469.0,Diesel
Elite i20 Sportz 1.2,Hyundai,2018.0,600000,7800.0,Petrol
Suzuki Alto 800 Lxi,Maruti,2017.0,240000,60000.0,Petrol
Suzuki Alto LXi BS III,Maruti,2011.0,155000,32000.0,Petrol
Jazz S MT,Honda,2009.0,169999,24695.0,Petrol
Grand i10 Sportz 1.2 Kappa VTVT,Hyundai,2017.0,450000,15141.0,Petrol
Scorpio W Turbo 2.6DX 9 Seater,Mahindra,2012.0,165000,65000.0,Diesel
Suzuki Alto K10 VXi,Maruti,2014.0,270000,22000.0,Petrol
Grand i10 Asta 1.2 Kappa VTVT,Hyundai,2016.0,280000,59910.0,Diesel
XUV500 W8,Mahindra,2012.0,560000,100000.0,Diesel
Creta 1.6 SX Plus Petrol,Hyundai,2016.0,950000,25000.0,Petrol
i20 Magna O 1.2,Hyundai,2013.0,310000,35000.0,Petrol
Duster 85 PS RxL Explore LE,Renault,2015.0,715000,65000.0,Diesel
Grand i10 Sportz 1.2 Kappa VTVT,Hyundai,2014.0,340000,35000.0,Petrol
Brio V MT,Honda,2012.0,235000,33000.0,Petrol
TUV300 T4 Plus,Mahindra,2017.0,610000,68000.0,Diesel
Spark LS 1.0,Chevrolet,2010.0,95000,23000.0,Petrol
TUV300 T8,Mahindra,2018.0,1000000,4500.0,Diesel
Suzuki Swift Dzire Tour LDi,Maruti,2015.0,220000,129000.0,Diesel
X Trail Select Variant,Nissan,2019.0,1200000,300.0,Diesel
Suzuki Alto 800 Vxi,Maruti,2015.0,230000,5000.0,Petrol
Fortuner 3.0 4x4 MT,Toyota,2010.0,940000,131000.0,Diesel
Manza ELAN Quadrajet,Tata,2010.0,155555,111111.0,Petrol
Benz A Class A 180 Sport Petrol,Mercedes,2013.0,1500000,14000.0,Petrol
Beat LS Diesel,Chevrolet,2016.0,210000,22000.0,Diesel
EcoSport Trend 1.5L TDCi,Ford,2013.0,495000,38000.0,Diesel
Indigo LS,Tata,2016.0,125000,70000.0,Diesel
i20 Magna 1.2,Hyundai,2010.0,195000,36000.0,Petrol
Vento Highline Plus 1.5 Diesel AT,Volkswagen,2015.0,550000,34000.0,Diesel
Kwid RXT,Renault,2015.0,270000,43000.0,Petrol
EcoSport Titanium 1.5L TDCi,Ford,2014.0,500000,40000.0,Diesel
Amaze 1.5 E i DTEC,Honda,2016.0,240000,160000.0,Diesel
Verna 1.6 EX VTVT,Hyundai,2017.0,800000,12000.0,Petrol
5 Series 520d Sedan,BMW,2011.0,1299000,49000.0,Diesel
Superb 1.8 TFSI AT,Skoda,2011.0,530000,68000.0,Petrol
Q3 2.0 TDI quattro Premium,Audi,2013.0,1499000,37000.0,Diesel
Bolero DI BSII,Mahindra,2012.0,220000,59466.0,Diesel
Figo Duratorq Diesel Titanium 1.4,Ford,2012.0,250000,99000.0,Diesel
Suzuki Wagon R VXI BS IV,Maruti,2018.0,395000,25500.0,Petrol
Logan Diesel 1.5 DLS,Mahindra,2009.0,130000,66000.0,Petrol
TUV300 T4 Plus,Mahindra,2016.0,540000,35000.0,Diesel
Elite i20 Magna 1.2,Hyundai,2015.0,405000,28000.0,Petrol
Elite i20 Magna 1.2,Hyundai,2015.0,400000,30000.0,Petrol
City SV,Honda,2017.0,760000,4000.0,Petrol
Suzuki Baleno Delta 1.2,Maruti,2016.0,500000,28000.0,Petrol
Figo Petrol LXI,Ford,2011.0,175000,75000.0,Petrol
City,Honda,2017.0,750000,3000.0,Petrol
Elite i20 Magna 1.2,Hyundai,2015.0,419000,20000.0,Petrol
Suzuki Versa DX2 8 SEATER BSIII,Maruti,2004.0,90000,50000.0,Petrol
Eon Era Plus,Hyundai,2018.0,140000,2110.0,Petrol
Pajero Sport Limited Edition,Mitsubishi,2015.0,1540000,43222.0,Petrol
i10 Magna 1.2 Kappa2,Hyundai,2008.0,275000,100200.0,Petrol
Corolla H2,Toyota,2003.0,150000,100000.0,Petrol
Suzuki Swift Dzire Tour VXi,Maruti,2011.0,230000,65.0,Petrol
Indigo CS eLS BS IV,Tata,2015.0,123000,100000.0,Diesel
Xcent Base 1.1 CRDi,Hyundai,2016.0,300000,140000.0,Diesel
Accent Executive Edition,Hyundai,2009.0,165000,48000.0,Petrol
Suzuki Baleno Delta 1.2,Maruti,2016.0,498000,22000.0,Petrol
Zest XE 75 PS Diesel,Tata,2018.0,480000,103553.0,Diesel
Suzuki Dzire LDI,Maruti,2017.0,488000,80000.0,Diesel
Sumo Gold LX BS IV,Tata,2014.0,250000,99000.0,Diesel
Corolla Altis GL Petrol,Toyota,2010.0,220000,58000.0,Petrol
Suzuki Eeco 7 STR,Maruti,2013.0,290000,70000.0,LPG
Fortuner 3.0 4x2 MT,Toyota,2015.0,1525000,120000.0,Diesel
XUV500 W6,Mahindra,2013.0,548900,49800.0,Diesel
Tigor Revotron XZ,Tata,2019.0,650000,100.0,Diesel
Suzuki 800,Maruti,2001.0,55000,81876.0,Petrol
Suzuki Ertiga Vxi,Maruti,2015.0,550000,75000.0,Petrol
Mobilio S i DTEC,Honda,2014.0,399000,44000.0,Diesel
Suzuki Ertiga,Maruti,2016.0,730000,55000.0,Diesel
Suzuki Vitara Brezza,Maruti,2017.0,725000,36000.0,Diesel
Verna 1.6 CRDI E,Hyundai,2016.0,195000,56000.0,Diesel
Suzuki Swift VXI BSIII,Maruti,2007.0,130000,62000.0,Petrol
Suzuki Omni Select Variant,Maruti,2014.0,190000,6020.0,Petrol
Amaze,Honda,2013.0,250000,55700.0,Diesel
Indica,Tata,2005.0,80000,42000.0,Petrol
Santro Xing,Hyundai,2003.0,120000,50000.0,Petrol
Suzuki Zen Estilo,Maruti,2010.0,149000,35000.0,Petrol
Suzuki Wagon R LXI BS IV,Maruti,2014.0,250000,18500.0,Petrol
Suzuki Wagon R,Maruti,2007.0,120000,7000.0,Petrol
Brio VX AT,Honda,2017.0,450000,11000.0,Petrol
Suzuki Zen LXi BSII,Maruti,2003.0,99999,53000.0,Petrol
Suzuki Zen Estilo LXI Green CNG,Maruti,2008.0,135000,23000.0,Petrol
Suzuki Wagon R Select Variant,Maruti,2016.0,225000,35500.0,Diesel
Suzuki Alto LXi BS III,Maruti,2010.0,99000,22134.0,Petrol
Kwid RXT,Renault,2019.0,370000,1000.0,Petrol
Nano Lx BSIV,Tata,2010.0,52000,9000.0,Petrol
XE XE Portfolio,Jaguar,2016.0,2800000,8500.0,Petrol
Eon Magna Plus,Hyundai,2014.0,190000,35000.0,Petrol
City 1.5 S MT,Honda,2014.0,499000,22000.0,Petrol
Motors Ambassador,Hindustan,2002.0,90000,25000.0,Diesel
Suzuki Ritz GENUS VXI,Maruti,2010.0,149000,40000.0,Petrol
Grand i10 Magna AT 1.2 Kappa VTVT,Hyundai,2017.0,400000,20000.0,Petrol
Eon D Lite Plus,Hyundai,2016.0,120000,87000.0,Petrol
Suzuki Swift Dzire VXi 1.2 BS IV,Maruti,2015.0,250000,55000.0,Petrol
Suzuki Wagon R VXI BS IV,Maruti,2017.0,375000,23000.0,Petrol
Amaze 1.2 VX i VTEC,Honda,2014.0,381000,6000.0,Petrol
Suzuki Estilo VXi ABS BS IV,Maruti,2013.0,180000,65000.0,Petrol
Suzuki Vitara Brezza LDi O,Maruti,2016.0,580000,25000.0,Diesel
Suzuki Eeco 5 STR WITH AC HTR,Maruti,2015.0,278000,39000.0,Petrol
Creta 1.6 SX Plus Petrol AT,Hyundai,2016.0,1000000,8000.0,Petrol
Scorpio Vlx BSIV,Mahindra,2013.0,690000,75000.0,Diesel
Suzuki Ertiga VDi,Maruti,2012.0,480000,51000.0,Diesel
Lancer 1.8 LXi,Mitsubishi,2006.0,85000,50000.0,Petrol
Suzuki Alto 800 LXI CNG O,Maruti,2015.0,90000,55800.0,Petrol
Grand i10 Magna 1.2 Kappa VTVT,Hyundai,2015.0,340000,53000.0,Petrol
Eon D Lite Plus,Hyundai,2018.0,260000,25000.0,Petrol
Fiesta SXi 1.6 ABS,Ford,2009.0,250000,56400.0,Petrol
Suzuki Ritz VDi,Maruti,2010.0,180000,72160.0,Diesel
Verna Fluidic New,Hyundai,2012.0,350000,10000.0,Diesel
Suzuki Wagon R LXi BS III,Maruti,2006.0,90001,48000.0,Petrol
Suzuki Estilo LX BS IV,Maruti,2007.0,115000,36000.0,Petrol
A6 2.0 TDI Premium,Audi,2012.0,1599000,11500.0,Diesel
Suzuki Wagon R LXi BS III,Maruti,2003.0,130000,133000.0,Petrol
Suzuki Wagon R,Maruti,2009.0,159000,27000.0,Petrol
Suzuki Wagon R,Maruti,2009.0,160000,35000.0,Petrol
Suzuki Alto,Maruti,2010.0,110000,55000.0,Petrol
Suzuki Baleno Sigma 1.2,Maruti,2016.0,425000,40000.0,Petrol
Verna 1.6 SX VTVT AT,Hyundai,2019.0,900000,2000.0,Petrol
Suzuki Swift GLAM,Maruti,2009.0,150000,45000.0,Petrol
Getz Prime 1.3 GVS,Hyundai,2009.0,110000,20000.0,Petrol
Santro,Hyundai,2000.0,51999,88000.0,Petrol
Getz Prime 1.3 GLX,Hyundai,2009.0,115000,20000.0,Petrol
Beat PS Diesel,Chevrolet,2012.0,215000,65422.0,Diesel
EcoSport Trend 1.5 Ti VCT,Ford,2017.0,580000,10000.0,Petrol
Suzuki Dzire ZXI,Maruti,2013.0,380000,35000.0,Petrol
Fluidic Verna 1.6 CRDi SX,Hyundai,2013.0,350000,117000.0,Diesel
X1 xDrive20d xLine,BMW,2011.0,1150000,72000.0,Diesel
i20 Asta 1.2,Hyundai,2010.0,300000,10750.0,Petrol
City 1.5 V AT,Honda,2009.0,269000,55000.0,Petrol
Nano,Tata,2013.0,60000,6800.0,Petrol
Cruze LTZ AT,Chevrolet,2014.0,400000,41000.0,Diesel
Verna Fluidic New,Hyundai,2015.0,430000,73000.0,Diesel
Suzuki Swift Dzire VDi,Maruti,2011.0,140000,65000.0,Diesel
XUV500 W10,Mahindra,2018.0,1299000,40000.0,Diesel
Suzuki Alto K10 LXi CNG,Maruti,2014.0,199000,37000.0,Petrol
Accent GLE,Hyundai,2006.0,90000,55000.0,Petrol
Motors One SUV,Force,2013.0,550000,140000.0,Diesel
Suzuki Alto,Maruti,2019.0,265000,9800.0,Petrol
Spark 1.0 LT,Chevrolet,2011.0,100000,27000.0,Petrol
i10,Hyundai,2009.0,215000,27000.0,Petrol
Etios Liva GD,Toyota,2012.0,380000,20000.0,Diesel
Duster 85PS Diesel RxL Optional with Nav,Renault,2013.0,401919,57923.0,Diesel
Enjoy,Chevrolet,2014.0,490000,30201.0,Diesel
Suzuki Alto 800 Lxi,Maruti,2017.0,280000,6200.0,Petrol
5 Series 530i,BMW,2009.0,650000,37518.0,Petrol
Etios Liva G,Toyota,2014.0,160000,24652.0,Petrol
Jeep MM 550 XDB,Mahindra,2004.0,424000,383.0,Diesel
Beat LS Diesel,Chevrolet,2016.0,225000,95000.0,Diesel
Cruze LTZ,Chevrolet,2011.0,350000,35000.0,Diesel
Wrangler Unlimited 4x4 Diesel,Jeep,2015.0,950000,3528.0,Diesel
Suzuki Ertiga VDi,Maruti,2013.0,485000,52500.0,Diesel
Verna VGT CRDi SX ABS,Hyundai,2010.0,205000,47900.0,Diesel
Suzuki Omni,Maruti,2012.0,160000,14000.0,Petrol
Suzuki Celerio VDi,Maruti,2018.0,310000,37000.0,Petrol
Zest Quadrajet 1.3,Tata,2017.0,180000,90000.0,Diesel
XUV500 W6,Mahindra,2013.0,549900,52800.0,Diesel
Indigo CS eLX BS IV,Tata,2016.0,150000,104000.0,Diesel
i10 Era,Hyundai,2011.0,175000,30000.0,Petrol
Indigo eCS LX TDI BS III,Tata,2014.0,95000,195000.0,Diesel
Indigo LX TDI BS III,Tata,2016.0,230000,104000.0,Diesel
Indigo eCS LX CR4 BS IV,Tata,2016.0,230000,104000.0,Diesel
Indigo Marina LS,Tata,2004.0,180000,70000.0,Diesel
Xcent SX 1.2,Hyundai,2015.0,400000,43000.0,Diesel
Eon Magna Plus,Hyundai,2013.0,185000,23000.0,Petrol
Duster 85 PS RxL Diesel,Renault,2015.0,385000,51000.0,Diesel
Suzuki Alto K10 LXi CNG,Maruti,2009.0,90000,62000.0,Petrol
Duster 110 PS RxZ Diesel,Renault,2013.0,435000,39000.0,Diesel
Suzuki Wagon R AX BSIV,Maruti,2010.0,225000,40000.0,Petrol
Suzuki Swift,Maruti,2006.0,189700,48247.0,Petrol
Suzuki Ertiga,Maruti,2012.0,389700,39000.0,Diesel
Suzuki Swift VXi 1.2 ABS BS IV,Maruti,2014.0,365000,23000.0,Petrol
Suzuki Alto K10 New,Maruti,2017.0,360000,9400.0,Petrol
i20 Magna,Hyundai,2010.0,210000,50000.0,Petrol
i10 Magna 1.2,Hyundai,2009.0,170000,75000.0,Petrol
Zest XE 75 PS Diesel,Tata,2017.0,380000,70000.0,Diesel
Xylo E8,Mahindra,2009.0,295000,64000.0,Diesel
Corolla Altis GL Petrol,Toyota,2010.0,185000,55000.0,Petrol
Manza Aqua Quadrajet,Tata,2014.0,160000,200000.0,Diesel
Kwid 1.0,Renault,2018.0,290000,2137.0,Petrol
Venture EX 8 STR,Tata,2013.0,100000,30000.0,Diesel
Suzuki Swift Dzire Tour LXi,Maruti,2014.0,315000,44000.0,Petrol
Octavia Classic 1.9 TDI MT,Skoda,2006.0,114990,65000.0,Diesel
Suzuki Omni LPG BS IV,Maruti,2012.0,120000,160000.0,LPG
Beat Diesel,Chevrolet,2011.0,125000,56000.0,Diesel
Sumo Gold EX BS IV,Tata,2012.0,210000,75000.0,Diesel
Verna 1.6 CRDI SX,Hyundai,2018.0,855000,42000.0,Diesel
Scorpio 2.6 CRDe,Mahindra,2007.0,260000,56000.0,Diesel
Suzuki Zen LXi BS III,Maruti,2002.0,95000,10544.0,Petrol
Suzuki Swift Dzire VXi 1.2 BS IV,Maruti,2011.0,255000,64000.0,Petrol
Scorpio SLX 2.6 Turbo 8 Str,Mahindra,2008.0,300000,70000.0,Diesel
Grand i10 Sportz 1.2 Kappa VTVT,Hyundai,2014.0,340000,25000.0,Petrol
Elite i20 Sportz 1.2,Hyundai,2017.0,550000,15000.0,Petrol
Ikon 1.6 Nxt,Ford,2003.0,60000,50000.0,Petrol
Innova 2.5 V 7 STR,Toyota,2011.0,750000,147000.0,Diesel
Sunny XL,Nissan,2011.0,230000,52000.0,Petrol
Beat LT Diesel,Chevrolet,2012.0,130000,90001.0,Diesel
Suzuki Alto 800 Lxi,Maruti,2017.0,270000,21000.0,Petrol
Suzuki Swift VDi BS IV,Maruti,2012.0,280000,48006.0,Diesel
Suzuki Swift,Maruti,2012.0,280000,48006.0,Diesel
Innova 2.0 G4,Toyota,2012.0,600000,80000.0,Diesel
Suzuki Swift VDi ABS,Maruti,2010.0,190000,74000.0,Diesel
Elite i20 Asta 1.2,Hyundai,2015.0,500000,22000.0,Petrol
XUV500 W10,Mahindra,2016.0,1065000,41000.0,Diesel
Polo Trendline 1.5L D,Volkswagen,2015.0,350000,25000.0,Diesel
Etios Liva Diesel,Toyota,2012.0,350000,85000.0,Diesel
TUV300 T4 Plus,Mahindra,2016.0,540000,29500.0,Diesel
Elite i20 Asta 1.2,Hyundai,2015.0,470000,30000.0,Petrol
Santro Xing GLS,Hyundai,2014.0,179000,57000.0,Petrol
Suzuki Ciaz ZXi Plus RS,Maruti,2016.0,650000,50000.0,Petrol
Eon Era Plus,Hyundai,2013.0,190000,39700.0,Petrol
Elantra 1.8 S,Hyundai,2012.0,500000,65000.0,Petrol
Suzuki Swift VDi,Maruti,2010.0,270000,67000.0,Diesel
Suzuki Zen Estilo LXI Green CNG,Maruti,2008.0,125000,46000.0,Petrol
Eon Era Plus,Hyundai,2012.0,188000,38000.0,Petrol
Grand i10 Magna 1.2 Kappa VTVT,Hyundai,2016.0,380000,27000.0,Petrol
Verna Fluidic New,Hyundai,2011.0,365000,43000.0,Diesel
EcoSport Trend 1.5L Ti VCT,Ford,2014.0,465000,47000.0,Petrol
i20 Magna,Hyundai,2011.0,240000,42000.0,Petrol
Beat Diesel,Chevrolet,2016.0,179999,19336.0,Diesel
Indica eV2 LS,Tata,2015.0,140000,60105.0,Diesel
XF 2.2 Diesel Luxury,Jaguar,2013.0,2190000,29000.0,Diesel
Q5 2.0 TDI quattro Premium Plus,Audi,2014.0,2390000,34000.0,Diesel
3 Series 320d Sedan,BMW,2011.0,1075000,35000.0,Diesel
Suzuki Swift ZXi 1.2 BS IV,Maruti,2015.0,475000,22000.0,Petrol
X1 sDrive20d,BMW,2012.0,1025000,41000.0,Diesel
Suzuki S Cross Sigma 1.3,Maruti,2016.0,615000,21000.0,Diesel
Suzuki Ertiga LDi,Maruti,2013.0,475000,48000.0,Diesel
Suzuki Alto K10 VXi AMT,Maruti,2016.0,270000,38000.0,Petrol
City SV,Honda,2014.0,475000,34000.0,Diesel
Vento Comfortline Petrol,Volkswagen,2011.0,240000,45933.0,Petrol
City 1.5 EXi New,Honda,2005.0,120000,68000.0,Petrol
A4 2.0 TDI 177bhp Premium,Audi,2016.0,1900000,44000.0,Diesel
KUV100,Mahindra,2017.0,360000,35000.0,Diesel
Zest XE 75 PS Diesel,Tata,2018.0,450000,102563.0,Diesel
XUV500 W8,Mahindra,2015.0,900000,28600.0,Diesel
Suzuki Swift Dzire Tour VDi,Maruti,2017.0,650000,41800.0,Diesel
Sumo Gold LX BS IV,Tata,2014.0,275000,116000.0,Diesel
Suzuki Swift Dzire VXi 1.2 BS IV,Maruti,2009.0,210000,59000.0,Petrol
Scorpio 2.6 SLX,Mahindra,2004.0,175000,58000.0,Diesel
Suzuki Omni 8 STR BS III,Maruti,2009.0,85000,45000.0,Petrol
Pajero Sport Limited Edition,Mitsubishi,2015.0,1490000,42590.0,Diesel
Duster,Renault,2014.0,800000,7400.0,Diesel
Jetta Comfortline 1.9 TDI AT,Volkswagen,2009.0,450000,54500.0,Diesel
Suzuki Ertiga Vxi,Maruti,2012.0,1000000,200000.0,Diesel
A4 2.0 TDI 177bhp Premium,Audi,2013.0,1510000,27000.0,Diesel
S80 Summum D4,Volvo,2015.0,1850000,42000.0,Diesel
Corolla Altis VL AT Petrol,Toyota,2014.0,790000,29000.0,Petrol
Pajero Sport 2.5 AT,Mitsubishi,2015.0,1725000,37000.0,Diesel
Beat LT Petrol,Chevrolet,2012.0,135000,36000.0,Petrol
X1,BMW,2011.0,1000000,34000.0,Diesel
Redi GO S,Datsun,2018.0,299999,7000.0,Petrol
Benz C Class C 220 CDI Avantgarde,Mercedes,2009.0,1225000,76000.0,Diesel
Scorpio SLX,Mahindra,2004.0,175000,60000.0,Diesel
Vento Comfortline Diesel,Volkswagen,2011.0,200000,95000.0,Diesel
Indigo CS GLS,Tata,2017.0,270000,50000.0,Diesel
Figo Petrol Titanium,Ford,2019.0,525000,0.0,Petrol
City ZX GXi,Honda,2006.0,180000,50000.0,Petrol
Suzuki Wagon R Duo Lxi,Maruti,2008.0,140000,68000.0,Petrol
EcoSport Trend 1.5L TDCi,Ford,2014.0,400000,16000.0,Petrol
Suzuki Swift Dzire VDi,Maruti,2016.0,499000,51000.0,Diesel
Suzuki Omni 8 STR BS III,Maruti,2009.0,85000,56000.0,Petrol
Suzuki Zen LX BSII,Maruti,2004.0,70000,100000.0,Petrol
Duster RxL Petrol,Renault,2015.0,550000,36000.0,Petrol
Suzuki Swift VXi 1.2 BS IV,Maruti,2014.0,370000,11523.0,Petrol
Suzuki Baleno Zeta 1.2,Maruti,2018.0,690000,1000.0,Petrol
WR V S MT Petrol,Honda,2009.0,250000,60000.0,Petrol
Indigo CS eLX BS IV,Tata,2016.0,110000,85000.0,Diesel
Duster 110 PS RxL Diesel,Renault,2013.0,490000,38600.0,Diesel
Scorpio LX BS III,Mahindra,2009.0,320000,95500.0,Diesel
Suzuki Zen LXi BS III,Maruti,2004.0,68000,56000.0,Petrol
Suzuki Wagon R LXi BS III,Maruti,2014.0,130000,37458.0,Petrol
Suzuki SX4 Celebration Diesel,Maruti,2016.0,970000,85960.0,Diesel
A3 Cabriolet 40 TFSI,Audi,2015.0,3100000,12516.0,Petrol
Eon D Lite Plus,Hyundai,2018.0,280000,35000.0,Petrol
Suzuki Zen Estilo LXI Green CNG,Maruti,2009.0,125000,0.0,Petrol
Scorpio SLX,Mahindra,2008.0,285000,80000.0,Diesel
Santro AE GLS Audio,Hyundai,2011.0,165000,45000.0,Petrol
Suzuki Swift Dzire Tour VDi,Maruti,2009.0,250000,51000.0,Diesel
Xylo D2 BS IV,Mahindra,2011.0,390000,48000.0,Diesel
Santro,Hyundai,2003.0,60000,51000.0,Petrol
Beat LT Diesel,Chevrolet,2015.0,215000,90000.0,Diesel
Suzuki Swift Dzire VDi,Maruti,2015.0,475000,43000.0,Diesel
XUV500 W8,Mahindra,2015.0,899000,53000.0,Diesel
Fortuner 3.0 4x4 MT,Toyota,2013.0,1499000,97000.0,Diesel
Suzuki Alto K10 VXi,Maruti,2013.0,240000,20000.0,Petrol
Getz GLE,Hyundai,2007.0,99000,55000.0,Petrol
Suzuki Swift Dzire Tour LDi,Maruti,2014.0,260000,120000.0,Diesel
Creta 1.6 SX,Hyundai,2019.0,1200000,0.0,Petrol
Santro Xing XL AT eRLX Euro III,Hyundai,2007.0,115000,46000.0,Petrol
Santro Xing XL eRLX Euro III,Hyundai,2009.0,88000,43200.0,Petrol
Xylo D2 BS IV,Mahindra,2011.0,390000,56000.0,Diesel
Santro Xing XL eRLX Euro III,Hyundai,2007.0,135000,42000.0,Petrol
Indica V2 DLS BS III,Tata,2009.0,90000,30600.0,Diesel
i10 Sportz 1.2,Hyundai,2011.0,220000,38000.0,Petrol
Grand i10 Magna 1.2 Kappa VTVT,Hyundai,2017.0,424999,2550.0,Petrol
Santro Xing XL AT eRLX Euro III,Hyundai,2007.0,135000,47000.0,Petrol
City 1.5 E MT,Honda,2005.0,95000,41000.0,Petrol
Micra XL,Nissan,2017.0,430000,62500.0,Diesel
City 1.5 S Inspire,Honda,2005.0,115000,68000.0,Petrol
Suzuki Alto 800 Lxi,Maruti,2015.0,215000,50000.0,Petrol
Suzuki Wagon R LX BS III,Maruti,2004.0,53000,69000.0,Petrol
Suzuki Ertiga VDi,Maruti,2012.0,500000,48000.0,Diesel
Indica eV2 eXeta eGLX,Tata,2012.0,85000,55000.0,Diesel
Suzuki Omni E 8 STR BS IV,Maruti,2013.0,165000,25000.0,Petrol
Eon Era Plus,Hyundai,2014.0,200000,28400.0,Petrol
Eon,Hyundai,2014.0,200000,28000.0,Petrol
Suzuki Swift LDi,Maruti,2015.0,425000,42000.0,Diesel
Verna 1.6 CRDI SX Plus AT,Hyundai,2012.0,600000,29000.0,Diesel
Tavera LS B3 10 Seats BSII,Chevrolet,2005.0,130000,68485.0,Diesel
Tiago Revotron XM,Tata,2018.0,430000,3500.0,Petrol
Tiago Revotorq XZ,Tata,2019.0,568500,0.0,Petrol
Suzuki Zen LXi BS III,Maruti,2006.0,71000,32000.0,Petrol
KUV100 K8 D 6 STR,Mahindra,2018.0,560000,8000.0,Diesel
EcoSport Titanium 1.5 TDCi,Ford,2014.0,590000,34000.0,Diesel
Motors Ambassador Classic Mark 4 – Befo,Hindustan,1995.0,750000,37000.0,Petrol
Fusion 1.4 TDCi Diesel,Ford,2007.0,125000,85455.0,Diesel
Santro Xing XL AT eRLX Euro III,Hyundai,2007.0,135000,46000.0,Petrol
Santro,Hyundai,2002.0,60000,47000.0,Petrol
Linea Emotion 1.4 L T Jet Petrol,Fiat,2009.0,120000,64000.0,Petrol
Ikon 1.3 Flair Josh 100,Ford,2008.0,95000,46000.0,Petrol
Suzuki Omni E 8 STR BS IV,Maruti,2017.0,240000,8000.0,Petrol
Indica V2 LS,Tata,2012.0,115000,64000.0,Diesel
Scorpio S4,Mahindra,2015.0,795000,63000.0,Diesel
Santro Xing XL eRLX Euro III,Hyundai,2007.0,55000,65000.0,Petrol
Xylo D2,Mahindra,2009.0,300000,62000.0,Diesel
Grand i10 Asta 1.2 Kappa VTVT,Hyundai,2014.0,320000,41000.0,Petrol
Suzuki Alto 800 Lxi,Maruti,2015.0,265000,14000.0,Petrol
Corolla,Toyota,2006.0,160000,40000.0,Petrol
Eon Magna,Hyundai,2017.0,300000,1600.0,Petrol
Sumo Grande MKII GX,Tata,2010.0,130000,90000.0,Diesel
Suzuki Swift VDi,Maruti,2011.0,250000,58000.0,Diesel
Polo Highline1.2L P,Volkswagen,2013.0,380000,27000.0,Petrol
Tiago Revotron XZ,Tata,2017.0,400000,31000.0,Petrol
Suzuki Swift LDi,Maruti,2009.0,120000,90000.0,Diesel
Suzuki Swift VDi,Maruti,2009.0,120000,90000.0,Diesel
Indigo eCS,Tata,2016.0,130000,150000.0,Diesel
Beat LS Diesel,Chevrolet,2014.0,189000,31000.0,Diesel
Xylo E8 BS IV,Mahindra,2011.0,365000,43000.0,Diesel
Eon D Lite Plus,Hyundai,2013.0,170000,20000.0,Petrol
Sumo Gold FX BSIII,Tata,2013.0,215000,100000.0,Petrol
Nano,Tata,2013.0,60000,7000.0,Petrol
Elite i20,Hyundai,2017.0,599999,31000.0,Petrol
i10 Magna 1.2 Kappa2,Hyundai,2009.0,400000,33000.0,Petrol
Creta,Hyundai,2016.0,900000,60000.0,Diesel
Polo,Volkswagen,2013.0,299999,48000.0,Diesel
Suzuki Dzire,Maruti,2014.0,374999,33000.0,Petrol
Bolt XM Petrol,Tata,2015.0,600000,15000.0,Petrol
Suzuki Alto 800 Lx,Maruti,2005.0,70000,47000.0,Petrol
Suzuki Alto,Maruti,2005.0,100000,40000.0,Petrol
Suzuki Ritz,Maruti,2010.0,150000,38000.0,Diesel
Suzuki Alto 800 Lxi,Maruti,2017.0,225000,12500.0,Petrol
Suzuki Dzire,Maruti,2009.0,210000,42000.0,Petrol
i20 Asta,Hyundai,2014.0,425000,31000.0,Petrol
Suzuki Swift Select Variant,Maruti,2008.0,162000,60000.0,Diesel
Indica V2 DLX BS III,Tata,2005.0,60000,80000.0,Diesel
Scorpio VLX 2.2 mHawk Airbag BSIV,Mahindra,2014.0,650000,77000.0,Diesel
Innova 2.5 E 8 STR,Toyota,2012.0,750000,75000.0,Diesel
Xylo E8,Mahindra,2010.0,375000,40000.0,Diesel
i20 Magna 1.2,Hyundai,2011.0,230000,47000.0,Petrol
KUV100,Mahindra,2016.0,380000,26500.0,Petrol
KUV100 K8 6 STR,Mahindra,2019.0,560000,2875.0,Petrol
Go Plus,Datsun,2016.0,285000,13900.0,Petrol
Endeavor 4x4 Thunder Plus,Ford,2019.0,2900000,9000.0,Diesel
Santro Xing GL,Hyundai,2006.0,85000,60000.0,Petrol
Suzuki Wagon R 1.0 VXi,Maruti,2016.0,395000,20000.0,Petrol
Suzuki Swift Select Variant,Maruti,2008.0,175000,58000.0,Diesel
Suzuki Alto 800 Lx,Maruti,2019.0,400000,1500.0,Petrol
Innova 2.5 Z Diesel 7 Seater,Toyota,2011.0,750000,75000.0,Diesel
Suzuki Alto 800,Maruti,2016.0,250000,2450.0,Petrol
Suzuki Alto AX,Maruti,2019.0,425000,1625.0,Petrol
Polo Highline1.2L P,Volkswagen,2017.0,525000,45000.0,Petrol
Logan,Mahindra,2009.0,130000,65000.0,Diesel
Scorpio,Mahindra,2011.0,475000,60123.0,Diesel
Sail 1.2 LS,Chevrolet,2013.0,300000,28000.0,Petrol
Santro AE GLS Audio,Hyundai,2003.0,60000,70000.0,Petrol
Suzuki Wagon R VXi Minor,Maruti,2006.0,100000,7000.0,Petrol
Eon,Hyundai,2018.0,260000,25000.0,Petrol
Manza,Tata,2015.0,100000,100000.0,Diesel
Etios G,Toyota,2013.0,265000,42000.0,Petrol
Qualis,Toyota,2003.0,180000,100000.0,Diesel
Indica eV2 LS,Tata,2016.0,50500,91200.0,Diesel
City 1.5 S MT,Honda,2009.0,270000,55000.0,Petrol
Zest XE 75 PS Diesel,Tata,2017.0,290000,120000.0,Diesel
Quanto C4,Mahindra,2013.0,325000,63000.0,Diesel
Indigo eCS LX CR4 BS IV,Tata,2016.0,160000,104000.0,Diesel
Suzuki Swift Dzire,Maruti,2016.0,350000,146000.0,Diesel
Elite i20,Hyundai,2011.0,290000,40000.0,Petrol
i20 Select Variant,Hyundai,2011.0,290000,40000.0,Petrol
Tavera Neo,Chevrolet,2007.0,465000,100800.0,Diesel
Suzuki Dzire,Maruti,2016.0,325000,150000.0,Diesel
Elite i20,Hyundai,2018.0,510000,2100.0,Petrol
City VX Petrol,Honda,2016.0,860000,95000.0,Petrol
Suzuki Dzire,Maruti,2016.0,450000,2500.0,Diesel
Getz,Hyundai,2006.0,125000,80000.0,Petrol
Benz C Class 200 K MT,Mercedes,2006.0,500001,15000.0,Petrol
Suzuki Alto LXi BS III,Maruti,2005.0,95000,65000.0,Petrol
Fabia,Skoda,2009.0,110000,45000.0,Petrol
Suzuki Ritz VXI ABS,Maruti,2011.0,270000,50000.0,Petrol
Indica V2 DLE BS III,Tata,2009.0,110000,30000.0,Diesel
Corolla Altis,Toyota,2009.0,300000,132000.0,Petrol
Zest XM Diesel,Tata,2018.0,260000,27000.0,Diesel
Quanto C8,Mahindra,2013.0,390000,40000.0,Diesel
